1|../Resources/Images/apartment2.png|1|0
2|../Resources/Images/garden1.png|1|0
3|../Resources/Images/apartment2.png|1|0
4|img.jpg|3|0
5|url.jpg|3|0
6|../Resources/Images/garden1.png|1|0
7|../Resources/Images/apartment2.png|1|0
8|../Resources/Images/apartment2.png|2|0
9|../Resources/Images/garden1.png|2|0
10|../Resources/Images/garden1.png|4|0
11|../Resources/Images/apartment2.png|4|0
12|../Resources/Images/apartment2.png|5|0
13|../Resources/Images/garden1.png|5|0
14|../Resources/Images/beograd.png|0|1
15|../Resources/Images/beogradNaVodi.png|0|1